UNIT,TOTAL
R022,6891
R201,5946
R046,5319
R022,5193
R179,5090
R022,5045
R102,4975
R022,4899
R033,4897
R033,4856
R018,4828
R020,4826
R240,4802
R055,4759
R020,4725
R012,4707
R179,4692
R020,4680
R022,4546
R022,4540
R011,4516
R022,4503
R022,4487
R031,4463
R025,4457
R057,4437
R046,4306
R046,4293
R047,4274
R033,4273
R011,4256
R033,4234
R201,4204
R033,4204
R137,4146
R046,4127
R205,4114
R170,4113
R025,4112
R033,4109
R240,4089
R046,4047
R101,4020
R170,4011
R018,3950
R138,3904
R179,3882
R025,3868
R022,3867
R170,3855
R055,3824
R170,3823
R461,3819
R046,3798
R055,3768
R011,3767
R390,3727
R170,3708
R018,3685
R170,3655
R168,3652
R018,3635
R390,3633
R102,3617
R170,3614
R138,3591
R010,3586
R097,3579
R046,3573
R011,3551
R170,3542
R215,3540
R201,3505
R170,3486
R260,3485
R046,3476
R046,3475
R170,3467
R020,3446
R170,3437
R240,3437
R248,3417
R170,3414
R179,3397
R055,3396
R012,3395
R235,3391
R018,3381
R096,3348
R057,3347
R319,3322
R221,3322
R394,3310
R023,3304
R208,3304
R158,3302
R046,3301
R179,3286
R452,3277
R018,3274
R349,3266
R023,3261
R097,3255
R011,3247
R118,3245
R201,3237
R021,3225
R208,3223
R097,3223
R243,3216
R093,3206
R020,3198
R153,3191
R244,3184
R170,3174
R053,3173
R170,3171
R018,3152
R218,3151
R046,3137
R138,3137
R020,3136
R240,3128
R168,3126
R138,3114
R260,3106
R022,3083
R081,3076
R055,3074
R018,3073
R541,3066
R084,3062
R310,3057
R541,3055
R168,3052
R248,3047
R023,3043
R055,3041
R102,3039
R240,3031
R179,3030
R018,3026
R293,3026
R018,3023
R023,3022
R096,2970
R310,2968
R020,2963
R031,2960
R105,2960
R170,2957
R033,2919
R205,2918
R062,2914
R461,2907
R168,2905
R092,2897
R010,2892
R208,2883
R101,2871
R293,2863
R033,2862
R033,2861
R084,2856
R378,2856
R023,2846
R138,2843
R055,2843
R300,2842
R024,2840
R096,2839
R175,2837
R217,2836
R103,2834
R023,2832
R322,2826
R452,2825
R055,2818
R198,2815
R170,2814
R020,2812
R024,2810
R201,2807
R197,2802
R022,2798
R097,2795
R303,2787
R132,2787
R062,2785
R235,2784
R541,2784
R084,2779
R080,2766
R101,2766
R033,2766
R452,2762
R257,2760
R118,2759
R167,2759
R084,2757
R221,2756
R024,2752
R240,2751
R033,2750
R010,2747
R260,2740
R132,2731
R020,2728
R201,2720
R054,2717
R293,2705
R025,2704
R375,2700
R102,2696
R170,2688
R151,2688
R025,2684
R101,2679
R198,2676
R179,2676
R032,2675
R018,2667
R164,2664
R260,2663
R033,2662
R055,2659
R122,2657
R033,2653
R274,2643
R293,2641
R240,2637
R011,2635
R180,2632
R293,2630
R098,2624
R179,2623
R208,2620
R116,2615
R119,2615
R175,2612
R055,2610
R055,2609
R175,2609
R033,2607
R170,2600
R036,2596
R033,2596
R394,2595
R238,2595
R244,2590
R198,2575
R300,2574
R022,2572
R084,2570
R170,2563
R084,2562
R047,2557
R201,2552
R274,2551
R182,2551
R188,2550
R374,2544
R429,2537
R068,2534
R293,2534
R097,2529
R222,2526
R057,2525
R170,2522
R055,2514
R097,2514
R021,2513
R181,2508
R055,2505
R053,2504
R104,2504
R137,2501
R364,2501
R254,2496
R170,2495
R180,2488
R240,2487
R168,2479
R096,2477
R137,2470
R293,2467
R025,2462
R106,2459
R170,2459
R201,2457
R188,2457
R179,2456
R055,2456
R011,2456
R132,2454
R215,2453
R138,2451
R097,2450
R452,2449
R013,2446
R015,2438
R024,2437
R221,2437
R015,2436
R132,2434
R127,2433
R147,2433
R265,2431
R021,2429
R084,2429
R051,2429
R293,2426
R062,2425
R132,2417
R050,2416
R217,2414
R118,2408
R084,2407
R055,2405
R024,2402
R187,2400
R119,2396
R033,2394
R029,2393
R274,2390
R162,2388
R023,2387
R022,2384
R025,2380
R095,2377
R452,2376
R195,2373
R062,2366
R097,2366
R102,2366
R463,2362
R093,2360
R025,2359
R102,2356
R178,2355
R031,2354
R179,2353
R025,2349
R042,2345
R260,2336
R018,2329
R080,2320
R018,2316
R221,2315
R301,2313
R086,2313
R035,2312
R142,2309
R020,2300
R549,2295
R024,2294
R011,2289
R160,2287
R110,2286
R101,2283
R323,2282
R047,2281
R342,2280
R062,2280
R095,2275
R179,2274
R084,2268
R273,2267
R123,2267
R158,2261
R032,2260
R319,2260
R243,2254
R096,2252
R177,2250
R112,2250
R178,2249
R102,2245
R300,2244
R079,2244
R101,2242
R254,2236
R013,2235
R051,2234
R452,2230
R055,2227
R254,2224
R018,2219
R541,2217
R193,2217
R461,2212
R179,2205
R310,2203
R023,2201
R010,2199
R390,2198
R191,2197
R310,2196
R049,2194
R096,2194
R145,2192
R031,2188
R020,2179
R208,2171
R141,2171
R032,2166
R105,2160
R394,2153
R086,2151
R057,2149
R097,2149
R046,2147
R057,2146
R212,2144
R055,2143
R033,2143
R011,2142
R452,2139
R031,2135
R147,2133
R235,2133
R188,2132
R300,2131
R012,2129
R149,2129
R261,2125
R445,2125
R182,2121
R051,2121
R270,2121
R119,2120
R086,2118
R144,2109
R435,2105
R164,2096
R147,2096
R201,2095
R552,2093
R452,2092
R011,2092
R122,2089
R187,2086
R223,2086
R080,2085
R372,2084
R195,2081
R243,2080
R322,2079
R187,2074
R111,2073
R170,2072
R010,2071
R552,2069
R086,2069
R462,2067
R018,2066
R293,2063
R179,2062
R020,2061
R151,2058
R453,2056
R153,2056
R259,2052
R303,2050
R212,2049
R361,2048
R024,2047
R179,2046
R022,2046
R180,2045
R084,2044
R187,2044
R010,2043
R033,2043
R191,2039
R086,2039
R092,2039
R205,2038
R022,2037
R175,2036
R022,2034
R101,2034
R244,2031
R121,2026
R098,2023
R238,2022
R147,2022
R377,2021
R147,2021
R462,2021
R198,2021
R309,2020
R463,2017
R062,2013
R364,2012
R323,2011
R248,2011
R138,2011
R390,2009
R198,2005
R048,2003
R452,2003
R175,2001
R208,1999
R045,1997
R086,1992
R188,1990
R274,1989
R112,1988
R310,1988
R021,1986
R109,1982
R144,1981
R080,1980
R198,1979
R208,1979
R174,1977
R378,1974
R079,1974
R147,1974
R120,1972
R086,1972
R208,1968
R104,1966
R122,1966
R235,1956
R098,1955
R463,1953
R188,1953
R300,1952
R536,1952
R055,1949
R408,1948
R023,1944
R031,1941
R053,1937
R232,1937
R181,1931
R001,1930
R273,1929
R120,1929
R202,1927
R054,1926
R261,1924
R010,1924
R031,1922
R020,1921
R437,1920
R243,1919
R203,1916
R122,1915
R064,1914
R093,1913
R086,1913
R011,1911
R452,1909
R101,1904
R546,1899
R211,1898
R012,1897
R010,1896
R180,1895
R202,1895
R218,1892
R437,1891
R238,1891
R182,1889
R062,1887
R452,1887
R190,1882
R259,1881
R024,1878
R021,1876
R322,1876
R011,1874
R050,1874
R079,1874
R023,1873
R096,1873
R361,1873
R248,1872
R107,1870
R222,1869
R081,1868
R148,1864
R010,1863
R235,1863
R170,1862
R179,1862
R001,1859
R153,1858
R223,1857
R200,1855
R055,1854
R180,1853
R215,1852
R170,1852
R042,1851
R018,1850
R461,1849
R380,1845
R055,1844
R120,1843
R116,1842
R153,1839
R157,1839
R062,1837
R101,1836
R080,1833
R176,1831
R051,1830
R010,1829
R293,1829
R127,1828
R011,1828
R178,1827
R166,1827
R023,1824
R552,1820
R322,1818
R275,1818
R390,1818
R035,1816
R116,1816
R023,1814
R039,1812
R195,1810
R181,1810
R049,1807
R192,1807
R322,1806
R084,1804
R381,1802
R081,1800
R536,1799
R022,1798
R105,1797
R147,1796
R175,1796
R032,1795
R235,1794
R166,1793
R175,1793
R055,1791
R181,1790
R050,1786
R181,1783
R012,1782
R187,1781
R015,1778
R098,1777
R168,1777
R168,1776
R012,1775
R386,1775
R020,1774
R020,1773
R218,1773
R081,1772
R175,1771
R081,1771
R182,1770
R054,1769
R045,1768
R055,1766
R233,1764
R053,1761
R368,1759
R122,1759
R136,1758
R141,1754
R209,1753
R050,1752
R209,1748
R171,1747
R236,1745
R116,1744
R206,1743
R406,1743
R463,1741
R010,1741
R001,1740
R382,1739
R275,1738
R196,1735
R445,1734
R057,1731
R130,1730
R265,1729
R001,1728
R024,1728
R010,1728
R186,1727
R092,1727
R132,1726
R193,1726
R091,1725
R148,1725
R232,1725
R377,1723
R032,1723
R085,1722
R100,1721
R223,1720
R233,1719
R308,1719
R269,1718
R390,1714
R212,1713
R242,1713
R167,1712
R178,1711
R378,1709
R208,1708
R452,1706
R536,1706
R236,1706
R098,1705
R062,1705
R178,1703
R176,1702
R463,1700
R189,1700
R015,1699
R020,1695
R021,1695
R170,1695
R327,1693
R302,1693
R056,1689
R311,1689
R236,1688
R222,1688
R223,1687
R452,1687
R114,1687
R364,1687
R203,1687
R057,1686
R012,1686
R082,1684
R010,1682
R050,1680
R276,1678
R382,1678
R235,1677
R031,1677
R032,1675
R248,1675
R112,1675
R099,1674
R254,1674
R012,1672
R180,1670
R196,1670
R378,1668
R195,1667
R196,1666
R031,1665
R187,1665
R137,1664
R022,1663
R282,1663
R120,1661
R293,1660
R167,1660
R408,1659
R012,1659
R143,1654
R323,1653
R197,1653
R293,1653
R195,1653
R111,1652
R293,1652
R034,1651
R057,1650
R158,1649
R055,1648
R202,1648
R047,1647
R088,1647
R207,1647
R166,1647
R373,1644
R012,1644
R463,1643
R162,1642
R184,1641
R098,1639
R122,1639
R057,1638
R126,1637
R295,1636
R084,1634
R388,1634
R163,1633
R162,1633
R030,1633
R452,1631
R084,1631
R104,1630
R142,1629
R034,1629
R300,1628
R022,1628
R207,1627
R126,1627
R222,1626
R436,1625
R189,1623
R196,1623
R105,1622
R062,1621
R018,1619
R113,1619
R119,1618
R081,1618
R083,1617
R235,1616
R132,1615
R172,1614
R053,1613
R174,1613
R546,1611
R178,1611
R024,1610
R061,1607
R179,1606
R103,1606
R149,1605
R379,1603
R065,1603
R037,1602
R021,1602
R374,1602
R036,1601
R319,1601
R182,1599
R194,1599
R023,1598
R211,1598
R175,1597
R178,1597
R362,1597
R040,1596
R103,1594
R057,1592
R399,1592
R191,1591
R248,1591
R023,1590
R132,1589
R088,1588
R029,1587
R281,1586
R371,1585
R113,1582
R261,1581
R057,1579
R030,1576
R113,1575
R197,1574
R136,1573
R179,1573
R345,1572
R037,1572
R294,1572
R218,1571
R322,1570
R168,1569
R052,1568
R222,1568
R462,1568
R300,1567
R012,1567
R168,1567
R057,1567
R461,1567
R032,1567
R162,1566
R020,1566
R235,1565
R248,1565
R223,1564
R081,1563
R456,1563
R546,1562
R084,1561
R022,1561
R170,1560
R010,1557
R013,1557
R084,1555
R257,1554
R254,1554
R257,1551
R314,1550
R293,1550
R546,1549
R170,1546
R021,1545
R137,1544
R034,1544
R259,1543
R237,1542
R142,1541
R086,1539
R211,1538
R081,1537
R084,1537
R223,1536
R040,1536
R377,1535
R452,1534
R011,1533
R249,1533
R012,1532
R132,1532
R010,1531
R252,1531
R302,1530
R116,1528
R151,1528
R022,1527
R062,1526
R187,1525
R170,1523
R198,1522
R148,1522
R051,1521
R536,1521
R158,1521
R202,1520
R079,1519
R453,1518
R124,1518
R034,1517
R012,1516
R375,1516
R213,1515
R122,1515
R178,1515
R169,1514
R055,1513
R164,1512
R192,1510
R094,1510
R161,1510
R215,1509
R095,1509
R163,1508
R293,1506
R206,1506
R152,1505
R158,1502
R017,1500
R245,1500
R238,1499
R303,1499
R104,1499
R084,1498
R149,1497
R047,1495
R093,1494
R388,1492
R080,1491
R552,1487
R084,1485
R149,1482
R011,1481
R011,1480
R163,1479
R011,1479
R287,1478
R190,1478
R108,1477
R094,1477
R445,1477
R381,1475
R021,1474
R081,1473
R086,1473
R252,1470
R166,1470
R187,1469
R318,1469
R168,1467
R014,1467
R150,1467
R012,1466
R022,1465
R102,1464
R069,1462
R015,1462
R181,1462
R012,1461
R142,1460
R273,1460
R053,1459
R020,1459
R187,1459
R084,1458
R288,1458
R045,1458
R121,1456
R364,1456
R202,1455
R035,1455
R273,1454
R095,1452
R113,1452
R169,1452
R057,1448
R207,1448
R177,1447
R199,1447
R249,1447
R170,1447
R388,1446
R368,1446
R206,1444
R536,1444
R108,1444
R033,1443
R178,1443
R192,1443
R132,1441
R112,1441
R382,1441
R055,1439
R254,1435
R433,1434
R204,1434
R036,1434
R144,1432
R051,1432
R168,1431
R012,1430
R113,1429
R206,1429
R212,1428
R261,1428
R032,1427
R160,1426
R302,1426
R175,1425
R273,1424
R110,1423
R173,1422
R217,1420
R081,1419
R085,1418
R287,1418
R152,1417
R017,1416
R380,1415
R021,1414
R126,1413
R084,1412
R356,1412
R031,1411
R082,1410
R191,1409
R111,1409
R084,1407
R049,1405
R463,1404
R084,1403
R173,1403
R195,1402
R280,1402
R541,1400
R044,1399
R387,1399
R169,1399
R031,1396
R095,1396
R020,1395
R536,1395
R123,1394
R167,1393
R020,1391
R175,1391
R164,1391
R191,1391
R051,1389
R193,1388
R254,1387
R149,1387
R205,1385
R235,1385
R211,1384
R022,1383
R056,1382
R437,1382
R182,1381
R333,1381
R206,1381
R541,1380
R095,1380
R032,1377
R117,1377
R164,1377
R150,1376
R142,1376
R298,1376
R031,1375
R303,1374
R308,1373
R081,1372
R362,1371
R190,1371
R147,1367
R443,1365
R122,1365
R184,1364
R050,1363
R095,1362
R033,1361
R050,1361
R171,1360
R081,1359
R146,1359
R324,1358
R084,1358
R091,1358
R045,1357
R014,1357
R081,1356
R036,1356
R356,1353
R080,1352
R023,1351
R279,1348
R013,1347
R158,1347
R116,1346
R138,1346
R203,1345
R309,1344
R446,1343
R315,1342
R194,1341
R551,1340
R319,1339
R295,1338
R192,1338
R441,1337
R293,1337
R047,1337
R237,1336
R254,1335
R018,1335
R137,1333
R014,1333
R152,1332
R035,1332
R163,1332
R461,1331
R057,1331
R082,1330
R163,1329
R374,1329
R536,1329
R438,1328
R017,1327
R050,1326
R154,1326
R536,1325
R011,1324
R161,1323
R200,1321
R164,1321
R340,1319
R270,1319
R017,1319
R023,1319
R117,1319
R031,1319
R137,1318
R429,1316
R115,1315
R051,1315
R079,1314
R132,1314
R137,1314
R085,1313
R032,1312
R235,1311
R049,1310
R127,1310
R324,1309
R051,1308
R309,1308
R166,1307
R190,1307
R031,1307
R127,1305
R107,1305
R224,1305
R434,1304
R174,1304
R034,1304
R092,1302
R453,1302
R552,1302
R394,1298
R436,1298
R123,1297
R388,1297
R368,1297
R068,1297
R080,1296
R049,1296
R193,1295
R168,1294
R285,1292
R179,1292
R439,1290
R135,1290
R225,1290
R374,1289
R130,1289
R032,1289
R315,1288
R407,1287
R069,1287
R013,1287
R185,1286
R179,1286
R463,1282
R138,1281
R195,1281
R154,1280
R308,1279
R169,1279
R107,1278
R398,1278
R193,1278
R288,1276
R250,1274
R153,1274
R178,1273
R239,1271
R139,1270
R546,1269
R022,1269
R222,1268
R113,1267
R361,1267
R150,1266
R175,1266
R160,1266
R051,1265
R323,1265
R139,1264
R053,1264
R057,1263
R053,1261
R065,1260
R232,1259
R146,1259
R392,1258
R099,1258
R232,1258
R413,1258
R143,1257
R057,1256
R123,1255
R206,1255
R190,1255
R301,1255
R295,1254
R117,1254
R029,1254
R091,1253
R463,1253
R265,1253
R116,1252
R105,1252
R044,1251
R079,1250
R031,1250
R022,1250
R051,1249
R161,1247
R080,1247
R177,1246
R367,1246
R111,1245
R293,1245
R392,1245
R124,1245
R374,1245
R051,1245
R062,1244
R085,1243
R047,1243
R435,1242
R157,1241
R127,1240
R546,1240
R275,1239
R132,1238
R275,1238
R184,1238
R146,1238
R372,1236
R183,1236
R251,1234
R012,1234
R307,1234
R014,1233
R311,1232
R200,1232
R088,1232
R366,1231
R166,1231
R462,1231
R330,1230
R035,1229
R017,1227
R024,1227
R068,1227
R170,1226
R116,1226
R206,1225
R460,1225
R197,1224
R084,1224
R178,1224
R188,1223
R083,1223
R268,1222
R206,1222
R061,1222
R211,1222
R249,1220
R217,1218
R142,1218
R022,1217
R541,1215
R012,1214
R366,1214
R276,1214
R174,1214
R207,1212
R015,1211
R192,1210
R261,1210
R106,1210
R035,1209
R158,1207
R144,1206
R035,1206
R222,1206
R257,1206
R083,1205
R161,1205
R050,1204
R175,1204
R163,1204
R236,1204
R151,1204
R109,1204
R142,1202
R032,1202
R189,1200
R156,1200
R203,1200
R045,1200
R257,1198
R376,1197
R222,1195
R081,1195
R186,1195
R129,1194
R252,1192
R001,1192
R014,1192
R069,1192
R057,1190
R178,1190
R405,1190
R386,1189
R098,1189
R060,1189
R324,1186
R014,1185
R150,1185
R167,1185
R096,1182
R081,1182
R273,1181
R269,1181
R403,1180
R011,1180
R345,1180
R167,1179
R011,1179
R145,1179
R276,1179
R218,1179
R177,1177
R099,1177
R108,1177
R051,1177
R081,1176
R064,1175
R014,1175
R133,1175
R047,1174
R233,1174
R082,1174
R309,1173
R169,1173
R370,1173
R136,1173
R406,1172
R330,1172
R179,1171
R203,1171
R367,1171
R138,1169
R023,1168
R191,1168
R091,1168
R446,1168
R245,1167
R113,1166
R047,1166
R057,1164
R282,1164
R266,1163
R022,1163
R266,1161
R281,1161
R189,1161
R222,1160
R460,1160
R381,1159
R047,1158
R164,1157
R106,1157
R019,1156
R340,1156
R251,1156
R461,1155
R551,1154
R380,1154
R299,1153
R182,1153
R224,1153
R079,1153
R023,1152
R021,1151
R096,1149
R050,1149
R157,1148
R029,1146
R105,1145
R019,1145
R102,1145
R079,1144
R285,1144
R398,1144
R054,1143
R053,1143
R219,1143
R104,1143
R166,1142
R334,1141
R333,1139
R296,1139
R175,1139
R438,1138
R094,1136
R085,1135
R014,1135
R010,1135
R311,1135
R085,1134
R302,1133
R313,1133
R277,1133
R245,1132
R276,1131
R304,1131
R211,1131
R207,1131
R142,1130
R214,1129
R169,1129
R200,1129
R382,1127
R308,1126
R372,1125
R051,1124
R023,1123
R144,1123
R463,1122
R103,1122
R373,1122
R159,1121
R110,1121
R047,1119
R109,1119
R143,1118
R262,1118
R020,1117
R174,1116
R204,1115
R020,1113
R014,1113
R100,1112
R013,1112
R020,1110
R161,1110
R347,1110
R030,1109
R017,1108
R186,1107
R126,1107
R212,1105
R057,1105
R015,1104
R255,1104
R018,1103
R347,1103
R551,1103
R144,1102
R083,1101
R111,1101
R195,1101
R276,1101
R039,1100
R167,1099
R014,1098
R460,1098
R085,1096
R407,1096
R049,1095
R121,1094
R176,1094
R059,1093
R552,1093
R318,1093
R294,1093
R021,1092
R085,1092
R399,1092
R217,1091
R080,1090
R082,1090
R030,1088
R021,1087
R237,1087
R386,1085
R453,1084
R146,1082
R012,1081
R042,1080
R175,1080
R409,1080
R281,1080
R135,1080
R442,1079
R061,1078
R105,1077
R370,1076
R111,1076
R211,1075
R200,1074
R461,1073
R028,1072
R549,1072
R020,1072
R211,1072
R324,1072
R210,1071
R173,1071
R159,1071
R143,1070
R153,1070
R453,1069
R233,1069
R093,1068
R141,1067
R183,1067
R266,1066
R219,1064
R209,1064
R550,1063
R213,1061
R257,1061
R029,1061
R179,1060
R194,1060
R202,1060
R157,1058
R163,1058
R434,1057
R336,1055
R040,1055
R032,1055
R451,1054
R160,1052
R324,1052
R212,1051
R160,1050
R347,1050
R013,1050
R068,1050
R013,1049
R037,1048
R330,1047
R090,1046
R108,1045
R102,1045
R371,1044
R020,1043
R222,1043
R335,1042
R277,1042
R370,1042
R156,1041
R461,1041
R285,1041
R441,1040
R207,1040
R550,1040
R106,1040
R196,1038
R327,1038
R113,1038
R283,1037
R164,1035
R276,1035
R182,1034
R014,1034
R428,1033
R164,1033
R124,1033
R085,1033
R345,1032
R236,1031
R142,1031
R544,1030
R195,1028
R168,1028
R167,1027
R251,1026
R298,1026
R015,1025
R178,1025
R168,1025
R188,1025
R368,1025
R462,1025
R192,1024
R299,1021
R081,1021
R050,1020
R005,1020
R197,1018
R379,1017
R215,1015
R019,1015
R259,1012
R386,1010
R040,1009
R102,1009
R141,1009
R272,1008
R143,1008
R001,1008
R207,1007
R546,1006
R257,1006
R116,1006
R250,1005
R057,1005
R189,1004
R029,1004
R035,1004
R143,1003
R279,1003
R197,1003
R099,1002
R172,1001
R196,1001
R146,1001
R327,999
R141,999
R175,999
R051,999
R287,997
R334,996
R056,995
R356,995
R094,995
R059,994
R099,993
R013,992
R109,989
R367,987
R239,986
R146,986
R397,985
R138,985
R258,985
R014,985
R449,984
R551,982
R461,982
R468,981
R014,980
R080,979
R373,979
R029,977
R302,977
R005,977
R154,977
R323,976
R163,976
R110,976
R116,976
R051,974
R304,973
R438,973
R408,971
R552,971
R223,970
R123,969
R177,968
R463,968
R211,968
R136,967
R152,967
R082,965
R154,963
R019,963
R143,963
R093,962
R276,960
R462,960
R207,960
R194,958
R094,957
R017,957
R109,957
R136,956
R286,956
R020,956
R174,955
R286,955
R439,955
R141,954
R017,954
R136,954
R172,953
R053,953
R167,952
R015,951
R409,951
R018,950
R167,950
R399,950
R408,949
R035,949
R027,948
R324,948
R446,948
R053,947
R172,946
R030,946
R249,946
R044,945
R163,943
R324,943
R293,943
R051,942
R131,942
R032,942
R025,941
R347,940
R268,940
R012,940
R321,940
R245,939
R413,938
R018,937
R341,937
R234,937
R019,936
R056,936
R220,936
R102,935
R546,935
R014,935
R362,934
R155,934
R365,932
R014,932
R065,932
R083,931
R199,928
R158,927
R350,926
R080,926
R387,926
R469,925
R145,925
R363,924
R277,924
R371,923
R051,923
R548,923
R015,922
R069,922
R379,921
R064,921
R469,921
R431,920
R304,920
R195,919
R116,919
R438,918
R386,917
R044,917
R065,917
R193,916
R261,916
R122,916
R028,916
R085,916
R084,916
R164,916
R025,914
R014,913
R281,913
R006,913
R141,913
R155,913
R268,913
R376,912
R432,912
R547,911
R461,911
R314,909
R363,908
R176,908
R171,908
R059,908
R546,907
R035,906
R358,906
R449,906
R169,906
R297,905
R027,905
R215,905
R016,905
R052,904
R546,904
R164,904
R404,904
R129,904
R108,903
R012,903
R069,902
R025,902
R212,901
R082,901
R037,900
R102,900
R252,900
R111,900
R096,900
R204,899
R057,898
R123,896
R065,896
R018,895
R185,895
R056,894
R391,894
R268,894
R211,894
R249,893
R365,893
R297,893
R333,893
R220,892
R159,892
R387,891
R183,891
R231,891
R223,891
R271,890
R195,889
R238,889
R127,889
R543,888
R327,888
R251,887
R213,886
R269,886
R082,884
R018,884
R057,883
R340,883
R302,882
R361,882
R050,882
R084,881
R127,881
R049,881
R194,880
R098,879
R049,878
R021,877
R072,875
R344,875
R548,875
R110,875
R049,875
R444,875
R082,875
R136,874
R170,874
R127,873
R315,872
R262,871
R015,871
R445,871
R004,871
R214,870
R156,870
R142,870
R359,869
R112,869
R238,869
R536,868
R199,867
R108,867
R022,866
R353,866
R170,865
R273,864
R115,863
R451,863
R021,863
R443,862
R327,862
R371,861
R204,861
R050,860
R463,860
R446,859
R010,858
R164,857
R129,857
R204,857
R092,856
R027,855
R254,855
R541,855
R282,854
R258,854
R199,853
R189,853
R246,853
R244,853
R056,852
R319,852
R444,852
R253,852
R111,851
R330,850
R164,850
R059,850
R231,849
R447,848
R035,848
R169,848
R387,848
R138,847
R029,847
R131,845
R443,845
R324,845
R143,844
R056,843
R443,843
R065,843
R127,842
R127,841
R334,841
R552,841
R106,841
R103,840
R297,839
R014,839
R440,839
R551,837
R108,837
R366,837
R021,836
R028,834
R142,834
R200,834
R258,833
R302,832
R278,832
R349,832
R160,832
R443,831
R023,831
R463,831
R176,831
R160,830
R135,830
R064,829
R248,829
R114,828
R551,828
R044,828
R057,827
R112,824
R012,822
R405,822
R116,822
R156,822
R285,822
R014,821
R143,821
R154,820
R049,819
R084,819
R083,819
R176,819
R190,819
R269,818
R088,818
R072,817
R535,817
R017,816
R113,816
R164,815
R223,814
R176,814
R267,813
R256,813
R014,813
R094,812
R175,812
R112,812
R266,812
R001,811
R289,811
R032,810
R014,810
R013,810
R139,809
R434,809
R226,808
R195,808
R163,808
R155,808
R057,806
R188,806
R079,805
R267,805
R126,805
R030,803
R188,803
R250,803
R236,803
R050,801
R300,800
R194,800
R001,800
R139,800
R178,799
R231,799
R268,799
R167,798
R105,798
R088,798
R321,797
R111,797
R409,797
R072,797
R031,797
R011,796
R117,795
R396,795
R176,795
R334,795
R175,794
R317,794
R449,793
R241,793
R424,792
R143,792
R234,792
R154,792
R100,791
R179,791
R199,790
R384,790
R014,790
R267,788
R460,787
R192,786
R154,784
R190,783
R186,782
R314,782
R168,782
R225,781
R049,781
R006,780
R408,780
R387,780
R285,779
R333,779
R296,779
R449,779
R468,778
R446,777
R049,776
R033,776
R420,775
R138,775
R462,775
R461,775
R115,774
R051,774
R298,774
R155,773
R325,773
R307,773
R395,773
R019,773
R164,772
R029,771
R016,771
R361,770
R194,770
R251,770
R044,770
R085,769
R160,768
R046,768
R029,768
R153,768
R001,767
R028,767
R133,766
R391,766
R094,765
R370,764
R238,764
R442,763
R083,763
R272,763
R323,762
R177,762
R032,762
R032,761
R226,761
R126,760
R154,760
R062,759
R450,758
R298,758
R139,758
R133,758
R547,757
R342,756
R046,755
R116,755
R336,755
R173,755
R395,754
R158,754
R406,753
R301,753
R244,752
R127,751
R257,751
R011,750
R178,749
R280,748
R250,748
R456,747
R185,746
R084,746
R268,746
R199,746
R432,745
R004,744
R138,744
R145,744
R409,743
R115,743
R146,742
R032,741
R046,741
R210,740
R141,740
R121,740
R294,740
R385,740
R143,739
R057,739
R081,739
R535,738
R111,738
R262,738
R163,738
R046,737
R398,735
R302,735
R183,735
R049,734
R462,734
R116,733
R238,733
R216,733
R356,733
R268,732
R041,731
R135,731
R264,731
R400,729
R032,729
R204,729
R414,728
R139,728
R008,728
R064,728
R029,728
R028,726
R272,725
R169,725
R007,725
R547,725
R131,724
R167,724
R154,724
R439,724
R155,723
R370,723
R099,723
R098,723
R056,722
R166,722
R306,722
R318,721
R439,720
R079,720
R139,719
R029,719
R019,719
R294,718
R054,718
R048,717
R166,717
R299,716
R238,716
R049,715
R167,715
R216,715
R269,715
R387,715
R157,715
R272,714
R015,714
R224,714
R169,713
R546,713
R447,713
R012,713
R035,713
R129,711
R460,711
R330,711
R385,709
R302,709
R353,708
R098,708
R017,707
R391,707
R110,707
R116,707
R461,706
R195,706
R239,705
R028,705
R279,705
R270,704
R098,704
R253,703
R014,703
R131,703
R116,703
R156,702
R032,702
R223,701
R098,701
R258,701
R266,700
R058,700
R283,700
R025,700
R131,700
R359,699
R056,699
R365,699
R049,699
R060,698
R413,697
R137,697
R017,697
R551,696
R041,696
R211,696
R114,696
R286,696
R272,695
R298,695
R383,694
R127,694
R013,693
R080,693
R327,692
R031,692
R151,692
R541,692
R412,692
R288,691
R253,690
R369,689
R110,689
R284,688
R385,688
R051,688
R288,688
R454,688
R407,686
R544,686
R131,686
R084,685
R141,684
R116,683
R320,683
R284,682
R213,681
R007,681
R219,680
R045,680
R346,679
R279,679
R014,679
R088,678
R129,678
R335,678
R131,678
R213,678
R549,678
R080,677
R450,677
R172,677
R140,676
R541,676
R383,675
R307,674
R110,674
R176,673
R163,673
R014,672
R446,671
R030,671
R386,670
R176,670
R012,669
R041,669
R441,668
R210,668
R306,666
R461,666
R202,666
R028,666
R550,666
R213,665
R049,664
R145,664
R155,664
R019,663
R433,663
R282,662
R436,662
R085,662
R443,662
R195,662
R242,662
R116,661
R344,661
R092,661
R137,661
R136,661
R014,661
R168,661
R112,661
R246,661
R168,660
R018,660
R396,660
R142,659
R297,659
R099,658
R060,657
R402,656
R230,655
R320,655
R049,654
R403,654
R138,653
R463,653
R143,652
R451,652
R376,651
R160,651
R289,650
R083,650
R535,649
R033,649
R151,649
R430,649
R095,649
R214,648
R108,647
R164,647
R160,646
R158,646
R028,645
R404,645
R552,643
R088,643
R402,643
R057,642
R044,641
R294,641
R401,641
R460,641
R202,641
R195,640
R550,640
R281,639
R420,639
R100,638
R193,637
R088,637
R131,636
R332,636
R406,636
R127,635
R108,635
R054,635
R141,634
R084,634
R395,634
R216,634
R228,633
R030,633
R099,633
R115,633
R230,632
R194,632
R029,632
R535,632
R551,631
R248,630
R254,629
R025,629
R375,629
R204,628
R155,628
R536,628
R383,628
R176,627
R090,627
R084,625
R302,625
R155,624
R127,623
R152,623
R046,623
R083,623
R193,623
R268,623
R100,622
R057,621
R401,621
R153,621
R423,620
R432,620
R027,619
R321,619
R455,618
R083,618
R258,618
R072,618
R286,617
R290,617
R250,617
R158,616
R352,616
R141,616
R188,615
R172,615
R363,614
R204,614
R177,614
R335,612
R176,612
R431,611
R258,610
R158,609
R347,609
R462,608
R001,608
R545,607
R159,607
R172,607
R326,607
R079,607
R336,606
R127,606
R044,605
R350,604
R108,603
R176,603
R398,602
R013,602
R202,602
R446,601
R128,601
R141,601
R044,600
R330,600
R127,600
R286,599
R545,599
R241,599
R535,599
R017,599
R452,598
R089,598
R035,598
R297,598
R411,598
R103,598
R039,598
R280,598
R216,597
R219,597
R133,597
R284,597
R105,597
R018,596
R014,596
R051,596
R541,594
R153,594
R051,593
R123,593
R172,592
R331,592
R088,592
R084,591
R214,590
R012,590
R013,590
R249,590
R449,589
R054,589
R460,588
R011,588
R157,588
R177,588
R266,588
R090,587
R551,587
R549,586
R039,586
R326,585
R088,584
R021,583
R014,582
R069,581
R253,581
R027,581
R267,580
R008,580
R079,580
R029,580
R272,580
R456,579
R177,579
R224,579
R385,578
R404,578
R188,578
R035,578
R450,578
R544,577
R267,577
R268,576
R099,576
R250,576
R298,575
R110,575
R427,574
R001,574
R283,573
R151,573
R133,572
R013,572
R550,572
R385,571
R131,571
R083,570
R460,569
R028,568
R163,568
R176,568
R033,568
R128,567
R429,567
R251,566
R115,566
R032,566
R099,565
R385,564
R022,564
R444,564
R011,564
R258,564
R012,563
R350,563
R428,562
R028,562
R152,561
R229,561
R105,560
R393,559
R332,559
R188,558
R131,558
R383,558
R115,556
R321,555
R296,555
R105,555
R447,555
R142,555
R139,555
R256,554
R347,553
R442,553
R108,553
R228,552
R016,552
R239,552
R163,551
R131,551
R329,551
R226,550
R219,550
R021,549
R052,549
R267,549
R347,549
R017,548
R541,548
R359,548
R140,548
R288,547
R044,546
R230,546
R405,546
R056,545
R005,544
R029,544
R114,544
R202,544
R288,542
R342,542
R114,542
R454,541
R052,541
R256,541
R411,541
R128,540
R141,540
R462,539
R163,539
R353,539
R131,538
R317,538
R283,538
R130,537
R168,537
R549,536
R014,536
R389,536
R276,536
R440,536
R029,536
R172,535
R023,534
R225,534
R160,532
R022,532
R170,532
R409,531
R137,530
R030,530
R551,530
R331,530
R127,529
R158,529
R258,528
R142,526
R231,526
R204,526
R334,526
R264,525
R258,525
R129,524
R404,523
R220,523
R057,522
R331,522
R421,522
R041,521
R114,521
R011,520
R227,519
R167,519
R255,519
R005,519
R129,519
R425,519
R319,518
R220,518
R088,518
R170,518
R461,518
R426,517
R400,517
R447,517
R544,517
R128,517
R545,516
R290,516
R292,516
R044,514
R058,512
R359,512
R215,511
R449,511
R176,510
R241,510
R142,510
R004,508
R157,508
R017,507
R389,507
R403,507
R204,507
R114,506
R011,506
R357,505
R462,504
R542,504
R083,504
R225,502
R084,502
R545,502
R428,501
R141,501
R346,500
R013,500
R177,500
R158,500
R017,499
R544,498
R043,497
R195,497
R163,497
R549,496
R371,495
R429,495
R163,495
R037,495
R027,495
R103,495
R543,494
R348,493
R429,493
R302,493
R155,492
R014,492
R001,491
R344,491
R256,491
R156,491
R325,490
R052,490
R253,490
R083,490
R234,490
R392,489
R029,489
R290,488
R019,488
R057,488
R104,488
R084,487
R088,487
R030,487
R019,487
R231,487
R151,487
R353,486
R099,486
R542,485
R019,485
R177,484
R001,484
R155,483
R141,483
R267,482
R431,481
R129,480
R108,480
R346,480
R542,480
R019,479
R239,479
R347,479
R054,477
R045,477
R006,476
R545,476
R009,476
R044,475
R105,475
R306,474
R253,474
R290,473
R108,473
R359,472
R114,471
R164,470
R043,470
R110,470
R358,470
R543,469
R256,469
R413,469
R142,468
R258,468
R098,467
R019,467
R127,466
R009,466
R405,466
R333,466
R158,466
R033,466
R328,466
R551,465
R325,465
R343,465
R139,464
R242,463
R030,463
R247,461
R041,461
R551,460
R297,459
R267,459
R108,459
R108,458
R284,458
R354,458
R550,458
R003,457
R027,457
R128,457
R041,456
R021,455
R021,454
R017,453
R263,452
R429,452
R541,452
R545,451
R129,451
R029,450
R404,449
R029,449
R220,448
R126,448
R043,448
R226,448
R542,447
R409,447
R318,447
R338,446
R396,445
R304,445
R136,445
R291,444
R456,444
R006,444
R541,444
R133,444
R126,443
R133,443
R291,443
R001,443
R420,442
R131,440
R549,440
R172,440
R229,439
R139,438
R267,438
R108,438
R115,437
R173,437
R142,437
R032,437
R246,437
R552,436
R369,436
R202,436
R048,435
R220,435
R115,435
R535,434
R216,434
R123,433
R139,432
R544,432
R087,431
R051,431
R142,431
R135,430
R549,430
R440,430
R369,430
R027,430
R406,428
R545,428
R241,428
R346,428
R140,427
R029,427
R228,427
R006,426
R044,426
R072,426
R267,426
R551,426
R331,425
R272,424
R014,424
R140,423
R021,423
R551,423
R428,422
R157,422
R353,422
R012,422
R544,422
R278,422
R456,422
R230,421
R356,421
R176,420
R461,419
R102,419
R138,418
R359,418
R552,418
R254,418
R014,417
R019,417
R543,416
R460,416
R188,415
R225,415
R229,415
R030,415
R352,415
R159,414
R017,414
R352,413
R296,413
R139,412
R346,412
R331,412
R147,411
R228,411
R004,411
R060,411
R284,410
R009,410
R003,410
R029,409
R389,409
R099,408
R430,408
R176,408
R267,408
R292,407
R334,407
R135,407
R032,407
R028,407
R202,406
R255,406
R439,405
R044,405
R252,405
R541,405
R313,404
R369,404
R543,404
R043,403
R401,403
R057,403
R284,402
R151,402
R239,402
R264,401
R141,401
R316,401
R054,401
R140,401
R360,400
R549,400
R058,400
R456,399
R545,399
R541,399
R004,399
R400,399
R029,398
R258,398
R346,398
R177,397
R230,396
R358,396
R044,396
R313,396
R060,396
R139,396
R041,395
R294,395
R326,395
R545,394
R360,393
R266,393
R029,393
R543,393
R062,393
R041,393
R220,393
R139,392
R549,392
R272,392
R009,392
R321,392
R450,391
R131,391
R341,390
R227,390
R176,388
R141,388
R057,388
R343,388
R108,387
R248,387
R320,387
R289,387
R258,387
R384,386
R110,385
R043,384
R173,384
R229,383
R342,383
R464,383
R054,383
R129,382
R111,382
R108,381
R376,380
R411,380
R043,380
R202,380
R401,379
R258,378
R110,378
R070,376
R127,376
R239,376
R089,375
R535,375
R290,375
R256,375
R219,375
R017,374
R177,374
R282,373
R450,371
R007,371
R001,371
R270,370
R001,370
R013,370
R543,368
R228,368
R089,367
R163,366
R140,366
R383,365
R257,365
R210,365
R028,365
R332,364
R194,363
R029,363
R385,362
R258,362
R402,362
R443,361
R043,361
R332,361
R333,360
R339,360
R369,360
R121,360
R329,359
R105,359
R041,358
R038,356
R550,356
R254,355
R205,355
R549,355
R017,355
R267,354
R292,354
R552,354
R263,354
R225,354
R544,354
R058,353
R040,353
R278,352
R060,351
R291,350
R350,350
R028,350
R131,349
R058,348
R172,348
R070,348
R088,347
R549,347
R019,346
R044,346
R228,346
R468,346
R356,345
R451,345
R255,345
R019,343
R141,343
R176,343
R097,342
R088,342
R433,342
R332,342
R216,342
R543,341
R216,340
R017,340
R455,340
R350,340
R276,339
R007,339
R125,338
R368,338
R258,338
R044,337
R108,337
R263,337
R001,337
R160,337
R146,337
R172,336
R027,336
R291,336
R545,335
R549,335
R535,335
R551,334
R264,333
R256,333
R414,332
R291,331
R008,331
R541,331
R126,330
R247,330
R228,330
R016,329
R463,329
R057,329
R043,328
R128,328
R231,327
R402,327
R028,327
R348,326
R343,326
R134,326
R543,325
R043,325
R039,324
R029,323
R151,323
R050,323
R001,323
R320,323
R057,323
R022,322
R543,322
R027,321
R038,321
R186,321
R266,321
R321,320
R115,319
R019,319
R551,319
R017,319
R316,318
R108,318
R131,317
R359,317
R229,317
R290,315
R541,314
R115,314
R028,314
R454,313
R228,312
R115,312
R255,312
R152,312
R384,311
R044,311
R290,311
R006,310
R029,310
R464,309
R291,309
R290,309
R013,309
R110,309
R423,308
R134,308
R320,307
R549,307
R110,307
R045,306
R338,306
R031,306
R088,305
R443,305
R235,305
R045,304
R012,304
R416,303
R332,302
R038,302
R043,302
R028,301
R541,301
R239,301
R268,301
R128,301
R542,300
R128,300
R126,299
R422,299
R339,298
R084,298
R135,298
R325,297
R543,297
R302,295
R549,295
R029,295
R012,294
R337,294
R219,294
R014,293
R008,293
R360,293
R175,293
R241,292
R447,292
R088,292
R105,291
R264,291
R541,291
R406,290
R043,290
R316,289
R229,289
R549,288
R328,288
R288,288
R176,287
R304,287
R549,287
R543,286
R040,285
R319,285
R027,285
R172,284
R139,284
R141,284
R014,283
R268,283
R227,282
R029,280
R037,280
R338,279
R088,279
R329,278
R320,278
R127,278
R041,277
R108,277
R430,277
R423,276
R111,276
R041,275
R001,275
R151,274
R088,273
R108,272
R088,271
R447,271
R279,270
R460,270
R158,269
R321,269
R355,269
R029,267
R332,266
R431,266
R015,266
R429,266
R326,266
R211,266
R011,265
R012,265
R134,265
R195,264
R408,264
R108,263
R547,263
R027,263
R009,262
R337,262
R289,262
R404,260
R348,260
R019,260
R115,259
R220,259
R028,258
R087,258
R332,257
R147,257
R356,257
R448,256
R001,255
R289,255
R028,255
R455,255
R464,254
R012,253
R283,253
R045,253
R072,253
R050,252
R549,252
R414,252
R543,251
R256,251
R175,250
R256,250
R548,249
R267,249
R290,248
R227,247
R404,247
R088,246
R542,246
R110,246
R140,246
R029,246
R187,246
R158,246
R357,245
R276,245
R029,245
R140,244
R549,244
R125,244
R290,242
R027,242
R272,241
R263,241
R027,241
R549,240
R134,240
R255,240
R041,239
R229,239
R140,238
R424,238
R284,238
R290,237
R255,237
R419,236
R312,235
R549,235
R012,235
R070,234
R043,234
R247,234
R276,234
R139,233
R450,233
R321,233
R050,232
R387,232
R284,232
R049,232
R337,232
R001,231
R339,230
R058,230
R029,230
R543,229
R126,229
R354,229
R057,228
R427,228
R028,227
R089,225
R019,225
R038,225
R044,224
R170,224
R138,224
R425,223
R283,222
R263,222
R416,222
R028,221
R042,221
R423,220
R070,220
R025,219
R035,219
R009,218
R088,218
R318,218
R001,218
R125,217
R057,217
R448,217
R420,217
R252,217
R219,216
R312,216
R339,216
R339,215
R087,215
R001,215
R359,215
R044,214
R543,214
R328,213
R105,213
R304,213
R016,212
R355,212
R141,212
R070,211
R043,211
R089,210
R419,210
R420,210
R087,210
R549,208
R151,207
R359,207
R547,207
R016,207
R545,207
R359,206
R028,206
R072,206
R291,205
R218,205
R003,204
R343,204
R029,204
R135,203
R355,203
R019,202
R460,202
R397,202
R544,202
R048,201
R028,201
R316,200
R016,200
R283,200
R070,200
R552,199
R284,199
R087,199
R220,198
R127,198
R151,198
R549,197
R001,197
R019,196
R028,195
R134,195
R263,195
R355,194
R253,194
R025,194
R551,194
R050,194
R283,193
R051,193
R550,193
R356,193
R549,192
R001,192
R140,192
R359,192
R127,190
R019,190
R014,189
R158,189
R041,188
R028,188
R271,188
R550,187
R312,187
R288,187
R284,187
R304,187
R072,187
R151,186
R339,186
R141,185
R029,184
R343,184
R042,184
R355,184
R255,183
R300,183
R227,183
R427,183
R139,183
R543,183
R298,182
R081,182
R028,181
R290,180
R015,180
R293,180
R140,180
R312,179
R272,178
R131,177
R087,177
R014,177
R291,176
R357,176
R057,176
R218,176
R535,176
R316,176
R125,175
R427,175
R014,175
R135,174
R044,174
R425,173
R110,173
R062,171
R227,171
R549,171
R020,170
R140,170
R041,170
R057,169
R177,169
R173,168
R227,168
R242,167
R228,166
R029,166
R251,166
R129,166
R550,165
R426,165
R013,165
R012,164
R359,163
R089,163
R354,162
R028,162
R328,162
R134,161
R070,160
R542,160
R369,160
R015,159
R312,159
R014,159
R416,158
R032,158
R296,157
R359,155
R417,155
R016,155
R134,155
R140,154
R263,154
R549,154
R001,153
R422,153
R544,152
R289,152
R549,150
R011,150
R057,150
R419,149
R425,149
R369,149
R550,149
R241,148
R412,147
R316,147
R087,147
R549,147
R552,147
R421,146
R163,146
R110,146
R549,146
R151,145
R343,143
R544,143
R133,143
R549,143
R081,142
R015,141
R312,141
R014,141
R420,141
R549,141
R412,141
R316,140
R108,139
R043,139
R304,138
R029,138
R041,137
R125,137
R272,136
R043,136
R551,135
R126,135
R227,135
R414,135
R220,134
R549,134
R469,134
R263,132
R550,131
R283,131
R426,131
R317,130
R549,130
R017,130
R542,130
R062,130
R220,130
R134,128
R133,127
R341,127
R025,126
R098,125
R283,125
R550,125
R343,125
R070,125
R218,125
R549,124
R165,124
R550,124
R113,124
R267,123
R549,123
R072,122
R296,122
R551,122
R328,121
R088,121
R134,120
R549,120
R543,120
R543,119
R072,119
R316,119
R469,119
R125,119
R241,118
R042,118
R140,118
R241,117
R041,117
R028,117
R552,116
R218,116
R108,116
R089,115
R549,115
R131,115
R114,115
R001,114
R282,113
R134,111
R359,111
R550,111
R015,109
R087,109
R227,109
R014,108
R013,108
R227,108
R057,108
R139,107
R357,107
R343,106
R550,105
R339,105
R357,105
R070,104
R125,103
R253,103
R110,101
R127,101
R020,99
R550,99
R041,99
R228,99
R549,99
R448,98
R070,97
R332,96
R140,96
R549,95
R070,95
R087,95
R041,94
R229,94
R412,94
R072,93
R041,93
R228,93
R125,92
R070,91
R354,90
R549,89
R341,88
R235,87
R142,86
R218,86
R058,85
R072,85
R288,84
R339,84
R417,83
R218,83
R057,83
R043,83
R121,83
R359,82
R044,82
R165,82
R163,81
R020,81
R070,80
R339,80
R298,79
R014,78
R043,78
R550,78
R263,77
R342,77
R548,76
R341,76
R448,75
R115,75
R304,74
R048,74
R072,74
R550,72
R549,71
R172,71
R448,70
R015,70
R431,70
R317,69
R268,69
R418,69
R020,69
R550,69
R359,69
R552,68
R072,68
R543,67
R165,67
R417,65
R019,65
R422,65
R115,64
R070,63
R300,63
R552,63
R418,62
R339,61
R549,60
R544,59
R014,59
R448,58
R414,57
R424,57
R549,57
R035,57
R298,55
R550,55
R057,54
R140,54
R253,54
R241,54
R125,54
R058,54
R542,53
R140,53
R130,53
R125,52
R317,51
R550,51
R140,51
R421,50
R359,49
R543,49
R550,48
R227,48
R125,47
R072,46
R015,46
R070,46
R550,46
R044,45
R043,45
R070,44
R251,44
R415,43
R341,41
R057,41
R354,41
R165,40
R043,40
R393,39
R028,39
R334,39
R271,39
R015,39
R015,38
R070,38
R070,37
R334,37
R341,35
R163,35
R165,34
R415,34
R317,33
R288,32
R043,32
R550,32
R317,32
R029,32
R317,31
R418,30
R549,29
R421,29
R044,28
R139,28
R288,28
R341,28
R044,27
R284,26
R070,26
R543,26
R550,26
R544,26
R001,24
R070,24
R550,23
R025,23
R263,23
R288,23
R070,22
R070,21
R044,21
R020,20
R550,20
R263,20
R267,18
R130,17
R140,17
R543,17
R549,17
R550,15
R415,15
R070,14
R151,14
R163,14
R550,13
R044,13
R125,13
R550,12
R163,12
R550,10
R543,10
R550,8
R541,7
R011,7
R549,6
R104,6
R027,6
R215,6
R020,6
R393,5
R550,5
R541,5
R328,5
R245,5
R036,4
R541,4
R055,4
R104,4
R328,4
R259,4
R245,4
R175,3
R046,3
R127,3
R549,3
R541,3
R084,3
R027,3
R328,3
R041,3
R293,3
R411,3
R057,3
R132,3
R207,3
R097,3
R550,3
R170,3
R374,3
R099,2
R012,2
R155,2
R328,2
R408,2
R084,2
R062,2
R195,2
R215,2
R204,2
R550,2
R036,2
R385,2
R040,2
R033,2
R361,2
R205,2
R541,2
R011,2
R022,2
R020,2
R112,1
R257,1
R195,1
R469,1
R204,1
R328,1
R358,1
R312,1
R108,1
R452,1
R035,1
R367,1
R011,1
R028,1
R084,1
R319,1
R053,1
R127,1
R146,1
R137,1
R196,1
R147,1
R141,1
R102,1
R046,1
R175,1
R014,1
R132,1
R461,1
R549,1
R156,1
R223,1
R173,1
R165,1
R541,1
R072,1
R463,1
R057,1
R041,1
R285,1
R025,1
R216,1
R153,1
R325,0
R001,0
R469,0
R028,0
R541,0
R328,0
R326,0
R125,0
R239,0
R126,0
R230,0
R543,0
R114,0
R084,0
R229,0
R081,0
R228,0
R120,0
R119,0
R049,0
R295,0
R270,0
R106,0
R297,0
R088,0
R276,0
R282,0
R019,0
R293,0
R285,0
R263,0
R264,0
R018,0
R024,0
R269,0
R022,0
R549,0
R089,0
R290,0
R020,0
R100,0
R097,0
R289,0
R099,0
R291,0
R286,0
R550,0
R102,0
R319,0
R242,0
R318,0
R110,0
R109,0
R241,0
R112,0
R111,0
R303,0
R025,0
R259,0
R016,0
R027,0
R312,0
R257,0
R461,0
R377,0
R041,0
R057,0
R156,0
R374,0
R043,0
R014,0
R428,0
R153,0
R427,0
R155,0
R420,0
R158,0
R383,0
R044,0
R423,0
R188,0
R195,0
R150,0
R368,0
R147,0
R439,0
R062,0
R429,0
R012,0
R152,0
R151,0
R164,0
R047,0
R055,0
R165,0
R173,0
R408,0
R170,0
R051,0
R398,0
R053,0
R168,0
R045,0
R417,0
R387,0
R416,0
R385,0
R419,0
R418,0
R046,0
R162,0
R176,0
R411,0
R388,0
R414,0
R342,0
R219,0
R338,0
R006,0
R337,0
R072,0
R079,0
R131,0
R030,0
R211,0
R460,0
R137,0
R346,0
R212,0
R216,0
R222,0
R464,0
R223,0
R029,0
R335,0
R128,0
R127,0
R468,0
R332,0
R129,0
R130,0
R336,0
R463,0
R040,0
R361,0
R364,0
R141,0
R196,0
R359,0
R140,0
R200,0
R367,0
R143,0
R146,0
R443,0
R138,0
R207,0
R355,0
R204,0
R205,0
R031,0
R070,0
R011,0
R201,0
R358,0
R202,0
R035,0
R452,0
R010,0
R033,0
